currency,nodes,wallets,miners,transactions,interval,shards,average block time,block size,messages,mode,tps,no. of blocks generated,blocktime in configuration file
memo,1000,1024,1000,1000,0.01,12,0.27000996764749435,1024,511500,sharded,3796.156152791242,500,0.2
memo,1000,10000,1000,13108,0.01,12,2.438956117455444,131072,511500,sharded,53741.434321806526,500,0.2
memo,1000,10000,1000,1639,0.01,12,0.527139465455504,16384,511500,sharded,31082.855816613224,500,0.2
memo,1000,2048,1000,1000,0.01,12,0.2823003070576451,2048,511500,sharded,7258.228024461904,500,0.2
memo,1000,10000,1000,26215,0.01,12,4.624297447420388,262144,511500,sharded,56688.61118486973,500,0.2
memo,1000,10000,1000,3277,0.01,12,0.8014353566098397,32768,511500,sharded,40887.889122606844,500,0.2
memo,1000,4096,1000,1000,0.01,12,0.32823260265326326,4096,511500,sharded,12482.001991520534,500,0.2
memo,1000,10000,1000,6554,0.01,12,1.338635017895911,65536,511500,sharded,48958.07977816997,500,0.2
memo,1000,8192,1000,1000,0.01,12,0.3902298692643345,8192,511500,sharded,20995.317491829956,500,0.2
memo,1000,1024,1000,1000,0.01,16,0.2610569873750965,1024,515500,sharded,3926.3457772430406,500,0.2
memo,1000,10000,1000,13108,0.01,16,1.886163373428238,131072,515500,sharded,69491.85942560498,500,0.2
memo,1000,10000,1000,1639,0.01,16,0.45906612774383027,16384,515500,sharded,35692.02563588664,500,0.2
memo,1000,2048,1000,1000,0.01,16,0.27395342472301015,2048,515500,sharded,7479.373554361332,500,0.2
memo,1000,10000,1000,26215,0.01,16,3.534135815337263,262144,515500,sharded,74175.13465734861,500,0.2
memo,1000,10000,1000,3277,0.01,16,0.662247570428237,32768,515500,sharded,49481.495234191934,500,0.2
memo,1000,4096,1000,1000,0.01,16,0.30428258477123976,4096,515500,sharded,13464.457727937774,500,0.2
memo,1000,10000,1000,6554,0.01,16,1.076432335533739,65536,515500,sharded,60883.52963449773,500,0.2
memo,1000,8192,1000,1000,0.01,16,0.3562448641878815,8192,515500,sharded,22998.22628651022,500,0.2
memo,1000,1024,1000,1000,0.01,1,0.450790653374052,1024,500500,conventional,2273.782724482282,500,0.2
memo,1000,10000,1000,13108,0.01,1,26.46170007459607,131072,500500,conventional,4953.309864086682,500,0.2
memo,1000,10000,1000,1639,0.01,1,3.5279619663261874,16384,500500,conventional,4644.324444648812,500,0.2
memo,1000,2048,1000,1000,0.01,1,0.6686136520844239,2048,500500,conventional,3064.5500486150386,500,0.2
memo,1000,10000,1000,26215,0.01,1,52.69676053006499,262144,500500,conventional,4974.594213441998,500,0.2
memo,1000,10000,1000,3277,0.01,1,6.809606702178922,32768,500500,conventional,4812.1721904313,500,0.2
memo,1000,4096,1000,1000,0.01,1,1.0747778470830527,4096,500500,conventional,3811.950545053807,500,0.2
memo,1000,10000,1000,6554,0.01,1,13.35459735764048,65536,500500,conventional,4907.448592038961,500,0.2
memo,1000,8192,1000,1000,0.01,1,1.8819356352310024,8192,500500,conventional,4353.496393086967,500,0.2
memo,1000,1024,1000,1000,0.01,24,0.2659008386797401,1024,523500,sharded,3854.820485295815,500,0.2
memo,1000,10000,1000,13108,0.01,24,1.347375865367777,131072,523500,sharded,97280.2047068155,500,0.2
memo,1000,10000,1000,1639,0.01,24,0.3913803520251164,16384,523500,sharded,41864.646283900605,500,0.2
memo,1000,2048,1000,1000,0.01,24,0.2693815495217149,2048,523500,sharded,7606.311581613461,500,0.2
memo,1000,10000,1000,26215,0.01,24,2.4408464648463006,262144,523500,sharded,107399.21735163592,500,0.2
memo,1000,10000,1000,3277,0.01,24,0.5322395147176359,32768,523500,sharded,61568.14571985441,500,0.2
memo,1000,4096,1000,1000,0.01,24,0.29401271225116454,4096,523500,sharded,13934.771624772739,500,0.2
memo,1000,10000,1000,6554,0.01,24,0.8028775274605189,65536,523500,sharded,81627.64277048812,500,0.2
memo,1000,8192,1000,1000,0.01,24,0.3222512158148097,8192,523500,sharded,25424.26404593715,500,0.2
memo,1000,1024,1000,1000,0.01,2,0.36113608368369515,1024,501500,sharded,2838.265258748713,500,0.2
memo,1000,10000,1000,13108,0.01,2,13.36914788761682,131072,501500,sharded,9804.140181694484,500,0.2
memo,1000,10000,1000,1639,0.01,2,1.8933468742985107,16384,501500,sharded,8653.987403164398,500,0.2
memo,1000,2048,1000,1000,0.01,2,0.4541674474107106,2048,501500,sharded,4511.551877356498,500,0.2
memo,1000,10000,1000,26215,0.01,2,26.45930366981986,262144,501500,sharded,9907.479171457151,500,0.2
memo,1000,10000,1000,3277,0.01,2,3.524882979594194,32768,501500,sharded,9296.478830560374,500,0.2
memo,1000,4096,1000,1000,0.01,2,0.6623548448137371,4096,501500,sharded,6185.506201214745,500,0.2
memo,1000,10000,1000,6554,0.01,2,6.802481294319406,65536,501500,sharded,9634.278605768224,500,0.2
memo,1000,8192,1000,1000,0.01,2,1.0768349467108989,8192,501500,sharded,7608.4083498820555,500,0.2
memo,1000,1024,1000,1000,0.01,4,0.3058654271654442,1024,503500,sharded,3351.146971722215,500,0.2
memo,1000,10000,1000,13108,0.01,4,6.813218554513499,131072,503500,sharded,19238.044244620498,500,0.2
memo,1000,10000,1000,1639,0.01,4,1.0800647535294323,16384,503500,sharded,15170.38672584875,500,0.2
memo,1000,2048,1000,1000,0.01,4,0.35576948745667175,2048,503500,sharded,5759.347195983305,500,0.2
memo,1000,10000,1000,26215,0.01,4,13.363525887401046,262144,503500,sharded,19616.454684848315,500,0.2
memo,1000,10000,1000,3277,0.01,4,1.8830461223509611,32768,503500,sharded,17402.122874764365,500,0.2
memo,1000,4096,1000,1000,0.01,4,0.46043527990678507,4096,503500,sharded,8898.101815372262,500,0.2
memo,1000,10000,1000,6554,0.01,4,3.530873286894757,65536,503500,sharded,18561.130540494934,500,0.2
memo,1000,8192,1000,1000,0.01,4,0.66282797226999,8192,503500,sharded,12360.673270835863,500,0.2
memo,1000,1024,1000,1000,0.01,8,0.2753127906138458,1024,507500,sharded,3723.038067772401,500,0.2
memo,1000,10000,1000,13108,0.01,8,3.526626282673025,131072,507500,sharded,37166.68268593874,500,0.2
memo,1000,10000,1000,1639,0.01,8,0.6609684839179341,16384,507500,sharded,24789.381640221087,500,0.2
memo,1000,2048,1000,1000,0.01,8,0.3052097834322075,2048,507500,sharded,6713.415202350874,500,0.2
memo,1000,10000,1000,26215,0.01,8,6.813196071493024,262144,507500,sharded,38476.068683365265,500,0.2
memo,1000,10000,1000,3277,0.01,8,1.072230566965526,32768,507500,sharded,30561.52380801654,500,0.2
memo,1000,4096,1000,1000,0.01,8,0.35371859547141327,4096,507500,sharded,11582.653703969912,500,0.2
memo,1000,10000,1000,6554,0.01,8,1.8981304720644372,65536,507500,sharded,34527.131282351154,500,0.2
memo,1000,8192,1000,1000,0.01,8,0.45413886351363747,8192,507500,sharded,18040.737444515074,500,0.2